Gender_male,Bodyweight_grams,Ethanol_grams,BAC
0,59875.200000000004,70,0.1
0,58060.8,28,0.03
0,49896.0,126,0.19
1,87091.20000000001,112,0.12
1,78019.2,42,0.04
0,113400.0,98,0.095
0,56700.0,42,0.07
1,79380.0,70,0.06
0,79380.0,42,0.02
1,124740.0,70,0.05
0,58968.0,56,0.07
1,76204.8,84,0.1
0,58060.8,70,0.085
1,111585.6,98,0.09
1,74390.40000000001,14,0.01
1,79380.0,56,0.05
